Workbook

Sheet Inputs
A1: Contract | B1: ES front contract, as of 2026-10-09
A2: Spot (S) | B2: 7811.54
A3: Risk-free rate r (decimal) | B3: 0.0423
A4: Storage cost u | B4: 0
A5: Income/dividend yield q | B5: 0.014
A6: Convenience yield c | B6: 0
A7: Days to expiry | B7: 70
A8: Base fair value (continuous) | B8: =B2*EXP((B3+B4-B5-B6)*B7/365)
A9: Base fair value (discrete) | B9: =B2*(1+B3+B4-B5-B6)^(B7/365)

Sheet Scenarios
A1: Spot shock | B1: Rate shock (bp) | C1: Days to expiry | D1: Shocked spot | E1: Shocked r | F1: Fair value (continuous) | G1: Change vs base | H1: Fair value (discrete)
A2: -0.1 | B2: -100 | C2: 70 | D2: =Inputs!$B$2*(1+A2) | E2: =Inputs!$B$3+B2/10000 | F2: =D2*EXP((E2+Inputs!$B$4-Inputs!$B$5-Inputs!$B$6)*C2/365) | G2: =F2-Inputs!$B$8 | H2: =D2*(1+(E2+Inputs!$B$4-Inputs!$B$5-Inputs!$B$6))^(C2/365)
A3: -0.1 | B3: -100 | C3: 30 | D3: =Inputs!$B$2*(1+A3) | E3: =Inputs!$B$3+B3/10000 | F3: =D3*EXP((E3+Inputs!$B$4-Inputs!$B$5-Inputs!$B$6)*C3/365) | G3: =F3-Inputs!$B$8 | H3: =D3*(1+(E3+Inputs!$B$4-Inputs!$B$5-Inputs!$B$6))^(C3/365)
A4: -0.1 | B4: -100 | C4: 7 | D4: =Inputs!$B$2*(1+A4) | E4: =Inputs!$B$3+B4/10000 | F4: =D4*EXP((E4+Inputs!$B$4-Inputs!$B$5-Inputs!$B$6)*C4/365) | G4: =F4-Inputs!$B$8 | H4: =D4*(1+(E4+Inputs!$B$4-Inputs!$B$5-Inputs!$B$6))^(C4/365)
A5: -0.1 | B5: -100 | C5: 0 | D5: =Inputs!$B$2*(1+A5) | E5: =Inputs!$B$3+B5/10000 | F5: =D5*EXP((E5+Inputs!$B$4-Inputs!$B$5-Inputs!$B$6)*C5/365) | G5: =F5-Inputs!$B$8 | H5: =D5*(1+(E5+Inputs!$B$4-Inputs!$B$5-Inputs!$B$6))^(C5/365)
A6: -0.1 | B6: -50 | C6: 70 | D6: =Inputs!$B$2*(1+A6) | E6: =Inputs!$B$3+B6/10000 | F6: =D6*EXP((E6+Inputs!$B$4-Inputs!$B$5-Inputs!$B$6)*C6/365) | G6: =F6-Inputs!$B$8 | H6: =D6*(1+(E6+Inputs!$B$4-Inputs!$B$5-Inputs!$B$6))^(C6/365)
A7: -0.1 | B7: -50 | C7: 30 | D7: =Inputs!$B$2*(1+A7) | E7: =Inputs!$B$3+B7/10000 | F7: =D7*EXP((E7+Inputs!$B$4-Inputs!$B$5-Inputs!$B$6)*C7/365) | G7: =F7-Inputs!$B$8 | H7: =D7*(1+(E7+Inputs!$B$4-Inputs!$B$5-Inputs!$B$6))^(C7/365)
A8: -0.1 | B8: -50 | C8: 7 | D8: =Inputs!$B$2*(1+A8) | E8: =Inputs!$B$3+B8/10000 | F8: =D8*EXP((E8+Inputs!$B$4-Inputs!$B$5-Inputs!$B$6)*C8/365) | G8: =F8-Inputs!$B$8 | H8: =D8*(1+(E8+Inputs!$B$4-Inputs!$B$5-Inputs!$B$6))^(C8/365)
A9: -0.1 | B9: -50 | C9: 0 | D9: =Inputs!$B$2*(1+A9) | E9: =Inputs!$B$3+B9/10000 | F9: =D9*EXP((E9+Inputs!$B$4-Inputs!$B$5-Inputs!$B$6)*C9/365) | G9: =F9-Inputs!$B$8 | H9: =D9*(1+(E9+Inputs!$B$4-Inputs!$B$5-Inputs!$B$6))^(C9/365)
A10: -0.1 | B10: 0 | C10: 70 | D10: =Inputs!$B$2*(1+A10) | E10: =Inputs!$B$3+B10/10000 | F10: =D10*EXP((E10+Inputs!$B$4-Inputs!$B$5-Inputs!$B$6)*C10/365) | G10: =F10-Inputs!$B$8 | H10: =D10*(1+(E10+Inputs!$B$4-Inputs!$B$5-Inputs!$B$6))^(C10/365)
A11: -0.1 | B11: 0 | C11: 30 | D11: =Inputs!$B$2*(1+A11) | E11: =Inputs!$B$3+B11/10000 | F11: =D11*EXP((E11+Inputs!$B$4-Inputs!$B$5-Inputs!$B$6)*C11/365) | G11: =F11-Inputs!$B$8 | H11: =D11*(1+(E11+Inputs!$B$4-Inputs!$B$5-Inputs!$B$6))^(C11/365)
A12: -0.1 | B12: 0 | C12: 7 | D12: =Inputs!$B$2*(1+A12) | E12: =Inputs!$B$3+B12/10000 | F12: =D12*EXP((E12+Inputs!$B$4-Inputs!$B$5-Inputs!$B$6)*C12/365) | G12: =F12-Inputs!$B$8 | H12: =D12*(1+(E12+Inputs!$B$4-Inputs!$B$5-Inputs!$B$6))^(C12/365)
A13: -0.1 | B13: 0 | C13: 0 | D13: =Inputs!$B$2*(1+A13) | E13: =Inputs!$B$3+B13/10000 | F13: =D13*EXP((E13+Inputs!$B$4-Inputs!$B$5-Inputs!$B$6)*C13/365) | G13: =F13-Inputs!$B$8 | H13: =D13*(1+(E13+Inputs!$B$4-Inputs!$B$5-Inputs!$B$6))^(C13/365)
... A101: 0.1 | B101: 100 | C101: 0 | D101: =Inputs!$B$2*(1+A101) | E101: =Inputs!$B$3+B101/10000 | F101: =D101*EXP((E101+Inputs!$B$4-Inputs!$B$5-Inputs!$B$6)*C101/365) | G101: =F101-Inputs!$B$8 | H101: =D101*(1+(E101+Inputs!$B$4-Inputs!$B$5-Inputs!$B$6))^(C101/365)
